Service,LSTM MAE,Best Baseline,Baseline MAE,Improvement (%)
ec2,8.483816,Median,25.05747857640632,66.14258
rds,8.409048,Median,25.064791285382928,66.45076
ecs,8.434877,Mean,25.046836566435733,66.323586
